title	url	section	stage
Why Data Analytics Matters Today	https://insightful-data-lab.com/2023/07/30/why-data-analytics-matters-today/	foundations	why
How Data Analytics Improves the Workplace	https://insightful-data-lab.com/2023/07/30/how-data-analytics-improves-the-workplace/	foundations	why
Data-Driven Decision-Making	https://insightful-data-lab.com/2023/07/30/data-driven-decision-making/	foundations	why
Detectives and Data Analysts	https://insightful-data-lab.com/2023/07/30/detectives-and-data-analysts/	foundations	why
The Six Phases of the Data Analysis Process	https://insightful-data-lab.com/2023/07/30/the-six-phases-of-the-data-analysis-process/	foundations	process
The Origins of Data Analysis and the Many Ways to Structure It	https://insightful-data-lab.com/2023/07/30/the-origins-of-data-analysis-and-the-many-ways-to-structure-it/	foundations	process
Understanding the Data Ecosystem	https://insightful-data-lab.com/2023/07/30/understanding-the-data-ecosystem/	foundations	process
Understanding the Data Analysis Process and the Data Life Cycle	https://insightful-data-lab.com/2023/07/30/understanding-the-data-analysis-process-and-the-data-life-cycle/	foundations	process
Understanding the Data Life Cycle	https://insightful-data-lab.com/2023/07/30/understanding-the-data-life-cycle/	foundations	process
A Review of the Six Stages of the Data Life Cycle	https://insightful-data-lab.com/2023/07/30/a-review-of-the-six-stages-of-the-data-life-cycle/	foundations	process
The Stages of the Data Analysis Process and Their Roles	https://insightful-data-lab.com/2023/07/30/the-stages-of-the-data-analysis-process-and-their-roles/	foundations	process
Practical Application of the Data Analysis Process	https://insightful-data-lab.com/2023/07/30/practical-application-of-the-data-analysis-process/	foundations	process
Analytical Skills and Their Core Components	https://insightful-data-lab.com/2023/07/30/analytical-skills-and-their-core-components/	foundations	thinking
Applying Analytical Skills in a Business Context	https://insightful-data-lab.com/2023/07/30/applying-analytical-skills-in-a-business-context/	foundations	thinking
Analytical Thinking and Its Core Components	https://insightful-data-lab.com/2023/07/30/analytical-thinking-and-its-core-components/	foundations	thinking
Analytical Thinking and Questions for Problem Solving	https://insightful-data-lab.com/2023/07/30/analytical-thinking-and-questions-for-problem-solving/	foundations	thinking
Root Cause Analysis and Business Applications of the Five Whys	https://insightful-data-lab.com/2023/07/30/root-cause-analysis-and-business-applications-of-the-five-whys/	foundations	thinking
Data-Driven Decision-Making and the Role of Analytical Skills	https://insightful-data-lab.com/2023/07/30/data-driven-decision-making-and-the-role-of-analytical-skills/	foundations	thinking
Case Studies in Data Analysis and the Practical Impact of Data-Driven Decision-Making	https://insightful-data-lab.com/2023/07/30/case-studies-in-data-analysis-and-the-practical-impact-of-data-driven-decision-making/	foundations	thinking
Overview of Core Tools Used by Data Analysts	https://insightful-data-lab.com/2023/07/30/overview-of-core-tools-used-by-data-analysts/	foundations	tools
The Role of Spreadsheets in Data Analysis and Basic Concepts	https://insightful-data-lab.com/2023/07/30/the-role-of-spreadsheets-in-data-analysis-and-basic-concepts/	foundations	tools
The Concept and Basic Use of SQL (Query Language)	https://insightful-data-lab.com/2023/07/30/the-concept-and-basic-use-of-sql-query-language/	foundations	tools
The Role and Importance of Data Visualization	https://insightful-data-lab.com/2023/07/30/the-role-and-importance-of-data-visualization/	foundations	tools
Industries Where Data Analysts Work and How Data Is Used	https://insightful-data-lab.com/2023/07/30/industries-where-data-analysts-work-and-how-data-is-used/	foundations	tools
The Role of Business Tasks in Data Analysis	https://insightful-data-lab.com/2023/07/30/the-role-of-business-tasks-in-data-analysis/	foundations	tools
Fairness in Data Analysis	https://insightful-data-lab.com/2023/07/30/fairness-in-data-analysis/	foundations	tools
Key Factors to Consider When Choosing a Data Analytics Role	https://insightful-data-lab.com/2023/07/30/key-factors-to-consider-when-choosing-a-data-analytics-role/	foundations	tools
Using Data Analysis to Choose the Right Advertising Strategy	https://insightful-data-lab.com/2023/08/01/using-data-analysis-to-choose-the-right-advertising-strategy/	ddd	framing
Understanding Common Problem Types in Data Analytics	https://insightful-data-lab.com/2023/08/01/understanding-common-problem-types-in-data-analytics/	ddd	framing
Applying Data Analytics Problem Types in Real Business Scenarios	https://insightful-data-lab.com/2023/08/31/applying-data-analytics-problem-types-in-real-business-scenarios/	ddd	framing
Why Asking the Right Questions Matters in Data Analytics	https://insightful-data-lab.com/2023/08/31/why-asking-the-right-questions-matters-in-data-analytics/	ddd	framing
The Relationship Between Data and Decision-Making	https://insightful-data-lab.com/2023/08/31/the-relationship-between-data-and-decision-making/	ddd	framing
Quantitative and Qualitative Data in Decision-Making	https://insightful-data-lab.com/2023/08/31/quantitative-and-qualitative-data-in-decision-making/	ddd	framing
Data Creates Value Only When It Is Communicated	https://insightful-data-lab.com/2023/08/31/data-creates-value-only-when-it-is-communicated/	ddd	framing
The Difference Between Data and Metrics, and the Role of Metrics	https://insightful-data-lab.com/2023/08/31/the-difference-between-data-and-metrics-and-the-role-of-metrics/	ddd	metrics
Dashboards	https://insightful-data-lab.com/2023/08/31/dashboards/	ddd	metrics
Mathematical Thinking	https://insightful-data-lab.com/2023/08/31/mathematical-thinking/	ddd	metrics
Spreadsheets in Data Analysis	https://insightful-data-lab.com/2023/08/31/spreadsheets-in-data-analysis/	ddd	spreadsheets
Building and Organizing a Spreadsheet	https://insightful-data-lab.com/2023/08/31/building-and-organizing-a-spreadsheet/	ddd	spreadsheets
How Data Analysts Use Spreadsheets	https://insightful-data-lab.com/2023/08/31/how-data-analysts-use-spreadsheets/	ddd	spreadsheets
Spreadsheet Calculations with Formulas	https://insightful-data-lab.com/2023/08/31/spreadsheet-calculations-with-formulas/	ddd	spreadsheets
Common Spreadsheet Errors and How to Fix Them	https://insightful-data-lab.com/2023/08/31/common-spreadsheet-errors-and-how-to-fix-them/	ddd	spreadsheets
Spreadsheet Functions	https://insightful-data-lab.com/2023/08/31/spreadsheet-functions/	ddd	spreadsheets
Defining the Problem Domain	https://insightful-data-lab.com/2023/08/31/defining-the-problem-domain/	ddd	execution
Context and Bias in Data Analysis	https://insightful-data-lab.com/2023/08/31/context-and-bias-in-data-analysis/	ddd	execution
Stakeholder Expectations in Data Analysis	https://insightful-data-lab.com/2023/08/31/stakeholder-expectations-in-data-analysis/	ddd	execution
Staying Focused on the Project Objective	https://insightful-data-lab.com/2023/08/31/staying-focused-on-the-project-objective/	ddd	execution
Clear Communication with Stakeholders and Teams	https://insightful-data-lab.com/2023/08/31/clear-communication-with-stakeholders-and-teams/	ddd	execution
Adapting to Communication Expectations at Work	https://insightful-data-lab.com/2023/08/31/adapting-to-communication-expectations-at-work/	ddd	execution
Managing Stakeholder Expectations and Project Constraints	https://insightful-data-lab.com/2023/08/31/managing-stakeholder-expectations-and-project-constraints/	ddd	execution
Balancing Speed and Accuracy in Data Analysis	https://insightful-data-lab.com/2023/08/31/balancing-speed-and-accuracy-in-data-analysis/	ddd	execution
Sharing Data to Drive Impact	https://insightful-data-lab.com/2023/08/31/sharing-data-to-drive-impact/	ddd	execution
Effective Meetings	https://insightful-data-lab.com/2023/08/31/effective-meetings/	ddd	execution
Conflict Resolution in the Workplace	https://insightful-data-lab.com/2023/08/31/conflict-resolution-in-the-workplace/	ddd	execution
How Data Is Generated and Collected	https://insightful-data-lab.com/2023/09/04/how-data-is-generated-and-collected/	prep	types
Choosing the Right Data to Collect	https://insightful-data-lab.com/2023/09/04/choosing-the-right-data-to-collect/	prep	types
Understanding Data Types and Data Formats	https://insightful-data-lab.com/2023/09/04/understanding-data-types-and-data-formats/	prep	types
Structured Data and Data Models	https://insightful-data-lab.com/2023/09/04/structured-data-and-data-models/	prep	types
Data Types in Spreadsheets	https://insightful-data-lab.com/2023/09/04/data-types-in-spreadsheets/	prep	types
Data Tables (Tabular Data)	https://insightful-data-lab.com/2023/09/04/data-tables-tabular-data/	prep	types
Wide Data vs. Long Data	https://insightful-data-lab.com/2023/09/04/wide-data-vs-long-data/	prep	types
Understanding Bias in Data Analysis	https://insightful-data-lab.com/2023/09/04/understanding-bias-in-data-analysis/	prep	bias_ethics
Sampling Bias and Unbiased Data	https://insightful-data-lab.com/2023/09/04/sampling-bias-and-unbiased-data/	prep	bias_ethics
Common Types of Data Bias	https://insightful-data-lab.com/2023/09/04/common-types-of-data-bias/	prep	bias_ethics
Identifying Good Data Sources (ROCCC Framework)	https://insightful-data-lab.com/2023/09/04/identifying-good-data-sources-roccc-framework/	prep	bias_ethics
Identifying Bad Data Sources (When Data Does Not ROCCC)	https://insightful-data-lab.com/2023/09/04/identifying-bad-data-sources-when-data-does-not-roccc/	prep	bias_ethics
Data Ethics in Data Analysis	https://insightful-data-lab.com/2023/09/04/data-ethics-in-data-analysis/	prep	bias_ethics
Data Privacy in Data Ethics	https://insightful-data-lab.com/2023/09/04/data-privacy-in-data-ethics/	prep	bias_ethics
Open Data and Openness in Data Ethics	https://insightful-data-lab.com/2023/09/04/open-data-and-openness-in-data-ethics/	prep	bias_ethics
Databases and Relational Database Concepts	https://insightful-data-lab.com/2023/09/04/databases-and-relational-database-concepts/	prep	sources
Metadata in Databases	https://insightful-data-lab.com/2023/09/04/metadata-in-databases/	prep	sources
Metadata Repositories and Data Governance	https://insightful-data-lab.com/2023/09/04/metadata-repositories-and-data-governance/	prep	sources
Accessing Data: Internal and External Sources	https://insightful-data-lab.com/2023/09/04/accessing-data-internal-and-external-sources/	prep	sources
Importing Data into Spreadsheets	https://insightful-data-lab.com/2023/09/04/importing-data-into-spreadsheets/	prep	spreadsheets_sql
Sorting and Filtering Data in Spreadsheets	https://insightful-data-lab.com/2023/09/04/sorting-and-filtering-data-in-spreadsheets/	prep	spreadsheets_sql
BigQuery Account Types	https://insightful-data-lab.com/2023/09/04/bigquery-account-types/	prep	spreadsheets_sql
Querying Data with SQL	https://insightful-data-lab.com/2023/09/04/15229/	prep	spreadsheets_sql
Organizing Data for Personal and Work Projects	https://insightful-data-lab.com/2023/09/04/organizing-data-for-personal-and-work-projects/	prep	spreadsheets_sql
Data Security in Spreadsheets	https://insightful-data-lab.com/2023/09/04/15236/	prep	spreadsheets_sql
The Importance of Clean Data	https://insightful-data-lab.com/2023/10/31/the-importance-of-clean-data/	cleaning	integrity
Data Integrity and Its Risks in Data Analysis	https://insightful-data-lab.com/2023/10/31/data-integrity-and-its-risks-in-data-analysis/	cleaning	integrity
Aligning Data with Business Objectives	https://insightful-data-lab.com/2023/10/31/aligning-data-with-business-objectives/	cleaning	integrity
Handling Insufficient Data in Data Analysis	https://insightful-data-lab.com/2023/10/31/handling-insufficient-data-in-data-analysis/	cleaning	integrity
Population, Sample Size, and Random Sampling	https://insightful-data-lab.com/2023/10/31/population-sample-size-and-random-sampling/	cleaning	integrity
Statistical Power in Data Analysis	https://insightful-data-lab.com/2023/10/31/statistical-power-in-data-analysis/	cleaning	integrity
Sample Size and Data Integrity	https://insightful-data-lab.com/2023/10/31/sample-size-and-data-integrity/	cleaning	integrity
Margin of Error	https://insightful-data-lab.com/2023/10/31/margin-of-error/	cleaning	integrity
Dirty Data vs. Clean Data	https://insightful-data-lab.com/2023/11/01/dirty-data-vs-clean-data/	cleaning	dirty
The Importance of Clean Data (revisited)	https://insightful-data-lab.com/2023/11/01/the-importance-of-clean-data-2/	cleaning	dirty
Common Issues in Dirty Data	https://insightful-data-lab.com/2023/11/01/common-issues-in-dirty-data/	cleaning	dirty
Data Cleaning with Spreadsheets	https://insightful-data-lab.com/2023/11/01/data-cleaning-with-spreadsheets/	cleaning	dirty
Cleaning and Merging Multiple Datasets	https://insightful-data-lab.com/2023/11/01/cleaning-and-merging-multiple-datasets/	cleaning	dirty
Spreadsheet Tools for Data Cleaning	https://insightful-data-lab.com/2023/11/01/spreadsheet-tools-for-data-cleaning/	cleaning	dirty
Using Spreadsheet Functions for Data Cleaning	https://insightful-data-lab.com/2023/11/01/using-spreadsheet-functions-for-data-cleaning/	cleaning	dirty
Viewing Data Differently for More Effective Data Cleaning	https://insightful-data-lab.com/2023/11/01/viewing-data-differently-for-more-effective-data-cleaning/	cleaning	dirty
Data Mapping and the Big Picture of Clean Data	https://insightful-data-lab.com/2023/11/01/data-mapping-and-the-big-picture-of-clean-data/	cleaning	dirty
Introduction to SQL	https://insightful-data-lab.com/2023/11/01/introduction-to-sql/	cleaning	sql
Spreadsheets vs. SQL	https://insightful-data-lab.com/2023/11/01/spreadsheets-vs-sql/	cleaning	sql
Core SQL Queries for Data Cleaning and Analysis	https://insightful-data-lab.com/2023/11/01/core-sql-queries-for-data-cleaning-and-analysis/	cleaning	sql
Cleaning Data with SQL: Removing Duplicates and Cleaning String Variables	https://insightful-data-lab.com/2023/11/01/cleaning-data-with-sql-removing-duplicates-and-cleaning-string-variables/	cleaning	sql
Using CAST to Clean and Format Data in SQL	https://insightful-data-lab.com/2023/11/01/using-cast-to-clean-and-format-data-in-sql/	cleaning	sql
Advanced SQL Functions for Data Cleaning	https://insightful-data-lab.com/2023/11/01/advanced-sql-functions-for-data-cleaning/	cleaning	sql
COALESCE	https://insightful-data-lab.com/2023/11/01/coalesce/	cleaning	sql
Verifying and Reporting Data Integrity	https://insightful-data-lab.com/2023/11/01/verifying-and-reporting-data-integrity/	cleaning	verify
Verifying Data-Cleaning Efforts	https://insightful-data-lab.com/2023/11/01/verifying-data-cleaning-efforts/	cleaning	verify
Verification Techniques: Using Spreadsheets and SQL to Catch Repeated Errors	https://insightful-data-lab.com/2023/11/01/verification-techniques-using-spreadsheets-and-sql-to-catch-repeated-errors/	cleaning	verify
Documenting Data-Cleaning Changes	https://insightful-data-lab.com/2023/11/01/documenting-data-cleaning-changes/	cleaning	verify
Reporting Data-Cleaning Results	https://insightful-data-lab.com/2023/11/01/reporting-data-cleaning-results/	cleaning	verify
Using Feedback from Data Cleaning to Improve Data Quality	https://insightful-data-lab.com/2023/11/01/using-feedback-from-data-cleaning-to-improve-data-quality/	cleaning	verify
Refining a Resume for Data Analytics Roles	https://insightful-data-lab.com/2023/11/01/refining-a-resume-for-data-analytics-roles/	cleaning	verify
Exploring Data Analyst Job Opportunities	https://insightful-data-lab.com/2023/11/01/exploring-data-analyst-job-opportunities/	cleaning	verify
Understanding Data Analysis	https://insightful-data-lab.com/2023/11/02/understanding-data-analysis/	analyze	organize
Data Organization in Analysis	https://insightful-data-lab.com/2023/11/02/data-organization-in-analysis/	analyze	organize
Sorting and Filtering in Data Analysis	https://insightful-data-lab.com/2023/11/26/sorting-and-filtering-in-data-analysis/	analyze	organize
Sorting Data in Spreadsheets	https://insightful-data-lab.com/2023/11/26/sorting-data-in-spreadsheets/	analyze	organize
Sorting and Filtering Data in SQL Using ORDER BY and WHERE	https://insightful-data-lab.com/2023/11/26/sorting-and-filtering-data-in-sql-using-order-by-and-where/	analyze	organize
Data Formatting and Unit Conversion in Spreadsheets	https://insightful-data-lab.com/2023/11/26/data-formatting-and-unit-conversion-in-spreadsheets/	analyze	organize
Data Validation in Spreadsheets	https://insightful-data-lab.com/2023/11/26/data-validation-in-spreadsheets/	analyze	organize
Combining Data Validation and Conditional Formatting in Spreadsheets	https://insightful-data-lab.com/2023/11/26/combining-data-validation-and-conditional-formatting-in-spreadsheets/	analyze	organize
Using CONCAT in SQL to Combine Text from Multiple Columns	https://insightful-data-lab.com/2023/11/26/using-concat-in-sql-to-combine-text-from-multiple-columns/	analyze	organize
Working with Strings in Spreadsheets (LEN, LEFT, RIGHT, FIND)	https://insightful-data-lab.com/2023/11/26/working-with-strings-in-spreadsheets-len-left-right-find/	analyze	organize
Problem-Solving and Seeking Help in Data Analysis	https://insightful-data-lab.com/2023/11/26/problem-solving-and-seeking-help-in-data-analysis/	analyze	combine
How to Effectively Search for Solutions Online as a Data Analyst	https://insightful-data-lab.com/2023/11/26/how-to-effectively-search-for-solutions-online-as-a-data-analyst/	analyze	combine
Choosing the Right Tool in Data Analysis	https://insightful-data-lab.com/2023/11/26/choosing-the-right-tool-in-data-analysis/	analyze	combine
Preparing Data for VLOOKUP in Spreadsheets	https://insightful-data-lab.com/2023/11/26/preparing-data-for-vlookup-in-spreadsheets/	analyze	combine
Using VLOOKUP to Combine Data Across Spreadsheets	https://insightful-data-lab.com/2023/11/26/using-vlookup-to-combine-data-across-spreadsheets/	analyze	combine
Troubleshooting VLOOKUP and Building a Problem-Solving Framework	https://insightful-data-lab.com/2023/11/26/troubleshooting-vlookup-and-building-a-problem-solving-framework/	analyze	combine
Using JOIN in SQL to Combine Tables	https://insightful-data-lab.com/2023/11/26/using-join-in-sql-to-combine-tables/	analyze	combine
Subqueries in SQL	https://insightful-data-lab.com/2023/11/26/subqueries-in-sql/	analyze	combine
Aggregating Data with Subqueries, HAVING, and CASE in SQL	https://insightful-data-lab.com/2023/11/26/aggregating-data-with-subqueries-having-and-case-in-sql/	analyze	combine
Using Spreadsheet Formulas for Sales Trend Analysis	https://insightful-data-lab.com/2023/11/26/using-spreadsheet-formulas-for-sales-trend-analysis/	analyze	calc
Using COUNTIF and SUMIF for Conditional Aggregation in Spreadsheets	https://insightful-data-lab.com/2023/11/26/using-countif-and-sumif-for-conditional-aggregation-in-spreadsheets/	analyze	calc
Using SUMPRODUCT for Advanced Spreadsheet Calculations	https://insightful-data-lab.com/2023/11/26/using-sumproduct-for-advanced-spreadsheet-calculations/	analyze	calc
Using Pivot Tables for Calculations and Trend Analysis	https://insightful-data-lab.com/2023/11/26/using-pivot-tables-for-calculations-and-trend-analysis/	analyze	calc
Using Pivot Table Filters and Calculated Fields for Deeper Analysis	https://insightful-data-lab.com/2023/11/26/using-pivot-table-filters-and-calculated-fields-for-deeper-analysis/	analyze	calc
Comparing Calculations in Spreadsheets and SQL	https://insightful-data-lab.com/2023/11/26/comparing-calculations-in-spreadsheets-and-sql/	analyze	calc
Embedding Calculations in SQL Queries	https://insightful-data-lab.com/2023/11/26/embedding-calculations-in-sql-queries/	analyze	calc
Using GROUP BY and ORDER BY for Aggregated Calculations in SQL	https://insightful-data-lab.com/2023/11/26/using-group-by-and-order-by-for-aggregated-calculations-in-sql/	analyze	calc
Data Validation as an Ongoing Analytical Process	https://insightful-data-lab.com/2023/11/26/data-validation-as-an-ongoing-analytical-process/	analyze	advanced
Temporary Tables and the WITH Clause in SQL	https://insightful-data-lab.com/2023/11/26/temporary-tables-and-the-with-clause-in-sql/	analyze	advanced
Creating Temporary Tables in SQL — Methods, Trade-offs, and Best Practices	https://insightful-data-lab.com/2023/11/26/creating-temporary-tables-in-sql-methods-trade-offs-and-best-practices/	analyze	advanced
Data Visualization	https://insightful-data-lab.com/2023/11/26/data-visualization/	viz	principles
Connecting Data and Images	https://insightful-data-lab.com/2023/11/26/connecting-data-and-images/	viz	principles
Creating Powerful Data Visualizations: Focus, Structure, and Analytical Purpose	https://insightful-data-lab.com/2023/11/26/creating-powerful-data-visualizations-focus-structure-and-analytical-purpose/	viz	principles
Static vs. Dynamic Data Visualizations: Design Tradeoffs, Control, and Interactivity	https://insightful-data-lab.com/2023/11/26/static-vs-dynamic-data-visualizations-design-tradeoffs-control-and-interactivity/	viz	principles
Elements of Art in Data Visualization: Line, Shape, Color, Space, and Movement	https://insightful-data-lab.com/2023/11/26/elements-of-art-in-data-visualization-line-shape-color-space-and-movement/	viz	principles
Choosing the Right Visualization: Audience-Centered Design and Chart Selection	https://insightful-data-lab.com/2023/11/26/choosing-the-right-visualization-audience-centered-design-and-chart-selection/	viz	principles
Design Thinking in Data Visualization: A User-Centered Framework	https://insightful-data-lab.com/2023/11/26/design-thinking-in-data-visualization-a-user-centered-framework/	viz	principles
Accessibility in Data Visualization: Designing for Everyone	https://insightful-data-lab.com/2023/11/26/accessibility-in-data-visualization-designing-for-everyone/	viz	principles
Introduction to Tableau	https://insightful-data-lab.com/2023/11/26/introduction-to-tableau/	viz	tableau
Getting Started with Tableau Public	https://insightful-data-lab.com/2023/11/26/getting-started-with-tableau-public/	viz	tableau
Creating a CO₂ Emissions Visualization in Tableau Public	https://insightful-data-lab.com/2023/11/26/creating-a-co%e2%82%82-emissions-visualization-in-tableau-public/	viz	tableau
Effective vs. Ineffective Data Visualizations in Tableau	https://insightful-data-lab.com/2023/11/26/effective-vs-ineffective-data-visualizations-in-tableau/	viz	tableau
Using Creativity in Tableau	https://insightful-data-lab.com/2023/11/26/using-creativity-in-tableau/	viz	tableau
Linking Multiple Datasets in Tableau Public	https://insightful-data-lab.com/2023/11/26/linking-multiple-datasets-in-tableau-public/	viz	tableau
Data Storytelling: Giving Numbers a Clear and Convincing Voice	https://insightful-data-lab.com/2023/11/26/data-storytelling-giving-numbers-a-clear-and-convincing-voice/	viz	story
Engaging Your Audience in Data Storytelling: Identifying the Key Message	https://insightful-data-lab.com/2023/11/26/engaging-your-audience-in-data-storytelling-identifying-the-key-message/	viz	story
Data Dashboards: Organizing Insight for Real-Time Decision Making	https://insightful-data-lab.com/2023/11/26/data-dashboards-organizing-insight-for-real-time-decision-making/	viz	story
Using Filters to Create Compelling and Focused Visuals	https://insightful-data-lab.com/2023/11/26/using-filters-to-create-compelling-and-focused-visuals/	viz	story
Structuring a Persuasive Data Presentation: Turning Insights into Story	https://insightful-data-lab.com/2023/11/26/structuring-a-persuasive-data-presentation-turning-insights-into-story/	viz	present
Designing Effective Data Presentation Slides: Structure, Visuals, and Professional Impact	https://insightful-data-lab.com/2023/11/26/designing-effective-data-presentation-slides-structure-visuals-and-professional-impact/	viz	present
Using a Strategic Framework to Structure Data Presentations	https://insightful-data-lab.com/2023/11/26/using-a-strategic-framework-to-structure-data-presentations/	viz	present
Weaving Data into Presentations: Hypotheses, Context, and the McCandless Method	https://insightful-data-lab.com/2023/11/26/weaving-data-into-presentations-hypotheses-context-and-the-mccandless-method/	viz	present
Presentation Skills for Data Analysts: Delivering Insights with Confidence	https://insightful-data-lab.com/2023/11/26/presentation-skills-for-data-analysts-delivering-insights-with-confidence/	viz	present
Presenting Like a Pro: Best Practices for Data Analysts	https://insightful-data-lab.com/2023/11/26/presenting-like-a-pro-best-practices-for-data-analysts/	viz	present
Preparing for Q&A: Anticipating and Responding to Stakeholder Questions	https://insightful-data-lab.com/2023/11/26/preparing-for-qa-anticipating-and-responding-to-stakeholder-questions/	viz	present
Handling Objections in Data Presentations: Responding with Confidence and Clarity	https://insightful-data-lab.com/2023/11/26/handling-objections-in-data-presentations-responding-with-confidence-and-clarity/	viz	present
Q&A Best Practices: Answering Questions with Clarity and Confidence	https://insightful-data-lab.com/2023/11/26/qa-best-practices-answering-questions-with-clarity-and-confidence/	viz	present
Introduction to Python and Programming Fundamentals	https://insightful-data-lab.com/2023/12/06/introduction-to-python-and-programming-fundamentals/	python	basics
Python Fundamentals	https://insightful-data-lab.com/2023/12/06/python-fundamentals/	python	basics
Jupyter Notebook and Coding Environments	https://insightful-data-lab.com/2023/12/06/jupyter-notebook-and-coding-environments/	python	basics
Object-Oriented Programming (OOP) in Python	https://insightful-data-lab.com/2023/12/06/object-oriented-programming-oop-in-python/	python	basics
Variables in Python	https://insightful-data-lab.com/2023/12/06/variables-in-python/	python	basics
Naming Conventions and Restrictions in Python	https://insightful-data-lab.com/2023/12/06/naming-conventions-and-restrictions-in-python/	python	basics
Data Types and Type Conversion in Python	https://insightful-data-lab.com/2023/12/06/data-types-and-type-conversion-in-python/	python	basics
Functions in Python	https://insightful-data-lab.com/2023/12/06/functions-in-python/	python	basics
Code Reusability, Modularity, and Clean Code in Python	https://insightful-data-lab.com/2023/12/06/code-reusability-modularity-and-clean-code-in-python/	python	basics
Comments, Algorithms, and Docstrings in Python	https://insightful-data-lab.com/2023/12/06/comments-algorithms-and-docstrings-in-python/	python	basics
Boolean Data, Comparators, and Logical Operators in Python	https://insightful-data-lab.com/2023/12/06/boolean-data-comparators-and-logical-operators-in-python/	python	control
Branching and Conditional Statements in Python	https://insightful-data-lab.com/2023/12/06/branching-and-conditional-statements-in-python/	python	control
While Loops and Iteration in Python	https://insightful-data-lab.com/2023/12/06/while-loops-and-iteration-in-pytho/	python	control
For Loops in Python	https://insightful-data-lab.com/2023/12/06/for-loops-in-python/	python	control
range() Function and Loop Control in Python	https://insightful-data-lab.com/2023/12/06/range-function-and-loop-control-in-python/	python	control
Strings in Python	https://insightful-data-lab.com/2023/12/06/strings-in-python/	python	structures
String Indexing and Slicing in Python	https://insightful-data-lab.com/2023/12/06/string-indexing-and-slicing-in-python/	python	structures
String Formatting with .format() in Python	https://insightful-data-lab.com/2023/12/06/string-formatting-with-format-in-python/	python	structures
Data Types vs Data Structures & Introduction to Lists	https://insightful-data-lab.com/2023/12/06/data-types-vs-data-structures-introduction-to-lists/	python	structures
Modifying Lists in Python	https://insightful-data-lab.com/2023/12/06/modifying-lists-in-python/	python	structures
Tuples in Python	https://insightful-data-lab.com/2023/12/06/tuples-in-python/	python	structures
Advanced Use of Loops, Lists, Tuples & List Comprehension	https://insightful-data-lab.com/2023/12/06/advanced-use-of-loops-lists-tuples-list-comprehension/	python	structures
Dictionaries in Python	https://insightful-data-lab.com/2023/12/06/dictionaries-in-python/	python	structures
Advanced Dictionary Usage in Python	https://insightful-data-lab.com/2023/12/06/advanced-dictionary-usage-in-python/	python	structures
Sets in Python	https://insightful-data-lab.com/2023/12/06/sets-in-python/	python	structures
Libraries, Packages, and Modules in Python	https://insightful-data-lab.com/2023/12/06/libraries-packages-and-modules-in-python/	python	libraries
Introduction to NumPy and Vectorization	https://insightful-data-lab.com/2023/12/06/introduction-to-numpy-and-vectorization/	python	libraries
NumPy Arrays (ndarray) and Core Concepts	https://insightful-data-lab.com/2023/12/06/numpy-arrays-ndarray-and-core-concepts/	python	libraries
Introduction to Pandas (Data Analysis Library)	https://insightful-data-lab.com/2023/12/06/introduction-to-pandas-data-analysis-library/	python	libraries
Pandas DataFrame & Series	https://insightful-data-lab.com/2023/12/06/pandas-dataframe-series/	python	libraries
Boolean Masking in Pandas	https://insightful-data-lab.com/2023/12/06/boolean-masking-in-pandas/	python	libraries
Grouping and Aggregation in Pandas (groupby, agg)	https://insightful-data-lab.com/2023/12/06/grouping-and-aggregation-in-pandas-groupby-agg/	python	libraries
Combining Data in Pandas (concat and merge)	https://insightful-data-lab.com/2023/12/06/combining-data-in-pandas-concat-and-merge/	python	libraries
Transferable Skills	https://insightful-data-lab.com/2023/12/06/transferable-skills/	jobsearch	identity
Career Identity Statement	https://insightful-data-lab.com/2023/12/06/career-identity-statement/	jobsearch	identity
Career Dreamer (AI Tool for Career Exploration)	https://insightful-data-lab.com/2023/12/06/career-dreamer-ai-tool-for-career-exploration/	jobsearch	identity
Job Search Plan (Using AI Tools)	https://insightful-data-lab.com/2023/12/06/job-search-plan-using-ai-tools/	jobsearch	identity
Tailoring Your Resume	https://insightful-data-lab.com/2023/12/06/tailoring-your-resume/	jobsearch	apply
Using AI to Improve and Tailor Your Resume	https://insightful-data-lab.com/2023/12/06/using-ai-to-improve-and-tailor-your-resume/	jobsearch	apply
Building a Professional Online Presence (Personal Brand)	https://insightful-data-lab.com/2023/12/06/building-a-professional-online-presence-personal-brand/	jobsearch	apply
Choosing the Right Job Platforms	https://insightful-data-lab.com/2023/12/06/choosing-the-right-job-platforms/	jobsearch	apply
Job Application Tracking (Using AI + Spreadsheets)	https://insightful-data-lab.com/2023/12/06/job-application-tracking-using-ai-spreadsheets/	jobsearch	apply
Networking for Job Search	https://insightful-data-lab.com/2023/12/06/networking-for-job-search/	jobsearch	apply
Interview Preparation	https://insightful-data-lab.com/2023/12/06/interview-preparation/	jobsearch	interview
STAR Method (Behavioral Interview)	https://insightful-data-lab.com/2023/12/06/star-method-behavioral-interview/	jobsearch	interview
Using AI (NotebookLM) for Interview Preparation	https://insightful-data-lab.com/2023/12/06/using-ai-notebooklm-for-interview-preparation/	jobsearch	interview
Practicing Interviews with AI (Gemini Live)	https://insightful-data-lab.com/2023/12/06/practicing-interviews-with-ai-gemini-live/	jobsearch	interview
Post-Interview Strategy	https://insightful-data-lab.com/2023/12/06/post-interview-strategy/	jobsearch	interview
